﻿<?xml version="1.0" encoding="UTF-8" standalone="yes"?>
<addon id="Junior.repository" name="Junior.repository" version="0.0.2" provider-name="JuniorRocha45">
	<extension point="xbmc.addon.repository" name="Junior Add-on Repository">
		<info compressed="false">http://raw.github.com/JuniorRocha45/Junior.repository/master/addons.xml</info>
		<checksum>http://raw.github.com/JuniorRocha45/Junior.repository/master/addons.xml.md5</checksum>
		<datadir zip="true">http://raw.github.com/JuniorRocha45/Junior.repository/master/repo/</datadir>
	</extension>
	<extension point="xbmc.addon.metadata">
		<summary>Junior Addon</summary>
		<description>Addon Description</description>
		<disclaimer></disclaimer>
		<platform>all</platform>
	</extension>
</addon>